{
  "version": "1.2.1",
  "manifest_version": 2,
  "name": "Themer Dark",
  "theme": {
    "colors": {
      "bookmark_text": [
        222,
        222,
        222
      ],
      "frame": [
        31,
        19,
        42
      ],
      "ntp_background": [
        58,
        48,
        68
      ],
      "ntp_text": [
        222,
        222,
        222
      ],
      "tab_background_text": [
        222,
        222,
        222
      ],
      "tab_background_text_inactive": [
        222,
        222,
        222
      ],
      "tab_background_text_incognito": [
        222,
        222,
        222
      ],
      "tab_background_text_incognito_inactive": [
        222,
        222,
        222
      ],
      "tab_text": [
        222,
        222,
        222
      ],
      "toolbar": [
        58,
        48,
        68
      ],
      "omnibox_text": [
        222,
        222,
        222
      ],
      "omnibox_background": [
        31,
        19,
        42
      ]
    },
    "tints": {
      "buttons": [
        0.6774193548387097,
        0.5,
        0.5
      ],
      "frame_inactive": [
        -1,
        -1,
        -1
      ],
      "frame_incognito": [
        0.7111111111111111,
        1,
        0.55
      ],
      "frame_incognito_inactive": [
        0.7111111111111111,
        1,
        0.55
      ]
    }
  }
}